{
  "Update Booking With Patch" : {
    "transaction" : "Update Booking With Patch",
    "sampleCount" : 800,
    "errorCount" : 0,
    "errorPct" : 0.0,
    "meanResTime" : 302.36625,
    "medianResTime" : 297.0,
    "minResTime" : 288.0,
    "maxResTime" : 722.0,
    "pct1ResTime" : 313.0,
    "pct2ResTime" : 338.94999999999993,
    "pct3ResTime" : 371.0,
    "throughput" : 86.85267614808382,
    "receivedKBytesPerSec" : 77.84171099772011,
    "sentKBytesPerSec" : 29.34670502659863
  },
  "Create Booking " : {
    "transaction" : "Create Booking ",
    "sampleCount" : 800,
    "errorCount" : 0,
    "errorPct" : 0.0,
    "meanResTime" : 305.27874999999966,
    "medianResTime" : 298.0,
    "minResTime" : 287.0,
    "maxResTime" : 1051.0,
    "pct1ResTime" : 325.0,
    "pct2ResTime" : 333.94999999999993,
    "pct3ResTime" : 385.93000000000006,
    "throughput" : 86.81497558328812,
    "receivedKBytesPerSec" : 80.30470021703744,
    "sentKBytesPerSec" : 39.67715680954965
  },
  "Update Booking With Put" : {
    "transaction" : "Update Booking With Put",
    "sampleCount" : 800,
    "errorCount" : 0,
    "errorPct" : 0.0,
    "meanResTime" : 307.95625000000007,
    "medianResTime" : 299.0,
    "minResTime" : 287.0,
    "maxResTime" : 694.0,
    "pct1ResTime" : 344.9,
    "pct2ResTime" : 369.0,
    "pct3ResTime" : 382.99,
    "throughput" : 86.82439765574127,
    "receivedKBytesPerSec" : 77.7476869437812,
    "sentKBytesPerSec" : 42.56430431951378
  },
  "Delete Booking" : {
    "transaction" : "Delete Booking",
    "sampleCount" : 800,
    "errorCount" : 0,
    "errorPct" : 0.0,
    "meanResTime" : 305.54749999999996,
    "medianResTime" : 297.0,
    "minResTime" : 287.0,
    "maxResTime" : 715.0,
    "pct1ResTime" : 343.69999999999993,
    "pct2ResTime" : 356.0,
    "pct3ResTime" : 363.0,
    "throughput" : 86.92817559491469,
    "receivedKBytesPerSec" : 63.75723269586005,
    "sentKBytesPerSec" : 24.53344018254917
  },
  "Get Booking " : {
    "transaction" : "Get Booking ",
    "sampleCount" : 800,
    "errorCount" : 0,
    "errorPct" : 0.0,
    "meanResTime" : 308.39999999999975,
    "medianResTime" : 298.0,
    "minResTime" : 287.0,
    "maxResTime" : 822.0,
    "pct1ResTime" : 340.0,
    "pct2ResTime" : 378.0,
    "pct3ResTime" : 387.99,
    "throughput" : 86.82439765574127,
    "receivedKBytesPerSec" : 77.8439229704797,
    "sentKBytesPerSec" : 39.93583134360755
  },
  "Total" : {
    "transaction" : "Total",
    "sampleCount" : 4800,
    "errorCount" : 0,
    "errorPct" : 0.0,
    "meanResTime" : 491.82812500000034,
    "medianResTime" : 299.0,
    "minResTime" : 287.0,
    "maxResTime" : 4038.0,
    "pct1ResTime" : 1180.0,
    "pct2ResTime" : 1205.0,
    "pct3ResTime" : 2704.809999999996,
    "throughput" : 353.90400353904005,
    "receivedKBytesPerSec" : 301.0470812135958,
    "sentKBytesPerSec" : 136.68850917938508
  },
  "Create Token" : {
    "transaction" : "Create Token",
    "sampleCount" : 800,
    "errorCount" : 0,
    "errorPct" : 0.0,
    "meanResTime" : 1421.4199999999985,
    "medianResTime" : 1189.0,
    "minResTime" : 1150.0,
    "maxResTime" : 4038.0,
    "pct1ResTime" : 2311.0,
    "pct2ResTime" : 2805.7999999999997,
    "pct3ResTime" : 3180.83,
    "throughput" : 68.7167153410067,
    "receivedKBytesPerSec" : 52.02841811973888,
    "sentKBytesPerSec" : 19.930531695584953
  }
}