{
  "Update Booking With Patch" : {
    "transaction" : "Update Booking With Patch",
    "sampleCount" : 18000,
    "errorCount" : 1746,
    "errorPct" : 9.7,
    "meanResTime" : 4923.535666666668,
    "medianResTime" : 4594.5,
    "minResTime" : 222.0,
    "maxResTime" : 23308.0,
    "pct1ResTime" : 7925.0,
    "pct2ResTime" : 8709.95,
    "pct3ResTime" : 13227.910000000014,
    "throughput" : 75.96763778630304,
    "receivedKBytesPerSec" : 70.34264883194481,
    "sentKBytesPerSec" : 25.114516927594398
  },
  "Create Booking " : {
    "transaction" : "Create Booking ",
    "sampleCount" : 18000,
    "errorCount" : 218,
    "errorPct" : 1.2111111,
    "meanResTime" : 2566.388166666666,
    "medianResTime" : 2209.0,
    "minResTime" : 287.0,
    "maxResTime" : 24254.0,
    "pct1ResTime" : 3757.0,
    "pct2ResTime" : 4198.850000000002,
    "pct3ResTime" : 10717.0,
    "throughput" : 75.68335765011584,
    "receivedKBytesPerSec" : 70.43637647661384,
    "sentKBytesPerSec" : 34.589659551029506
  },
  "Update Booking With Put" : {
    "transaction" : "Update Booking With Put",
    "sampleCount" : 18000,
    "errorCount" : 1174,
    "errorPct" : 6.522222,
    "meanResTime" : 4871.152111111114,
    "medianResTime" : 4639.0,
    "minResTime" : 287.0,
    "maxResTime" : 23305.0,
    "pct1ResTime" : 7227.0,
    "pct2ResTime" : 8716.95,
    "pct3ResTime" : 12219.970000000005,
    "throughput" : 75.85462881801631,
    "receivedKBytesPerSec" : 68.92303761046331,
    "sentKBytesPerSec" : 36.866999871731934
  },
  "Delete Booking" : {
    "transaction" : "Delete Booking",
    "sampleCount" : 18000,
    "errorCount" : 2153,
    "errorPct" : 11.961111,
    "meanResTime" : 4720.033000000026,
    "medianResTime" : 4129.0,
    "minResTime" : 213.0,
    "maxResTime" : 22562.0,
    "pct1ResTime" : 7493.9,
    "pct2ResTime" : 8744.150000000012,
    "pct3ResTime" : 13227.0,
    "throughput" : 76.09835289342848,
    "receivedKBytesPerSec" : 59.93594956211739,
    "sentKBytesPerSec" : 20.805728138370057
  },
  "Get Booking " : {
    "transaction" : "Get Booking ",
    "sampleCount" : 18000,
    "errorCount" : 387,
    "errorPct" : 2.15,
    "meanResTime" : 2671.5777222222177,
    "medianResTime" : 2511.5,
    "minResTime" : 216.0,
    "maxResTime" : 19490.0,
    "pct1ResTime" : 3758.0,
    "pct2ResTime" : 4225.0,
    "pct3ResTime" : 10172.0,
    "throughput" : 75.77734930832119,
    "receivedKBytesPerSec" : 69.346939029229,
    "sentKBytesPerSec" : 34.45813390252297
  },
  "Total" : {
    "transaction" : "Total",
    "sampleCount" : 108000,
    "errorCount" : 6048,
    "errorPct" : 5.6,
    "meanResTime" : 3571.7148055555776,
    "medianResTime" : 2152.0,
    "minResTime" : 213.0,
    "maxResTime" : 24254.0,
    "pct1ResTime" : 4127.0,
    "pct2ResTime" : 4252.0,
    "pct3ResTime" : 4761.980000000003,
    "throughput" : 447.24200761967865,
    "receivedKBytesPerSec" : 391.623145712119,
    "sentKBytesPerSec" : 170.3887348007599
  },
  "Create Token" : {
    "transaction" : "Create Token",
    "sampleCount" : 18000,
    "errorCount" : 370,
    "errorPct" : 2.0555556,
    "meanResTime" : 1677.602166666684,
    "medianResTime" : 306.0,
    "minResTime" : 219.0,
    "maxResTime" : 22976.0,
    "pct1ResTime" : 6895.0,
    "pct2ResTime" : 8438.0,
    "pct3ResTime" : 12226.990000000002,
    "throughput" : 74.99437542184337,
    "receivedKBytesPerSec" : 58.933747286661834,
    "sentKBytesPerSec" : 21.3041883186886
  }
}