{
  "Update Booking With Patch" : {
    "transaction" : "Update Booking With Patch",
    "sampleCount" : 1600,
    "errorCount" : 0,
    "errorPct" : 0.0,
    "meanResTime" : 884.449375,
    "medianResTime" : 708.0,
    "minResTime" : 289.0,
    "maxResTime" : 9796.0,
    "pct1ResTime" : 1241.9,
    "pct2ResTime" : 1755.449999999998,
    "pct3ResTime" : 2465.0300000000016,
    "throughput" : 89.20606601248885,
    "receivedKBytesPerSec" : 80.28763729371097,
    "sentKBytesPerSec" : 30.141893398751115
  },
  "Create Booking " : {
    "transaction" : "Create Booking ",
    "sampleCount" : 1600,
    "errorCount" : 0,
    "errorPct" : 0.0,
    "meanResTime" : 736.1768749999999,
    "medianResTime" : 684.0,
    "minResTime" : 289.0,
    "maxResTime" : 7105.0,
    "pct1ResTime" : 771.9000000000001,
    "pct2ResTime" : 1956.3999999999942,
    "pct3ResTime" : 2526.91,
    "throughput" : 87.31717965509714,
    "receivedKBytesPerSec" : 81.0084281543331,
    "sentKBytesPerSec" : 39.90667976424361
  },
  "Update Booking With Put" : {
    "transaction" : "Update Booking With Put",
    "sampleCount" : 1600,
    "errorCount" : 0,
    "errorPct" : 0.0,
    "meanResTime" : 888.1843749999995,
    "medianResTime" : 706.0,
    "minResTime" : 290.0,
    "maxResTime" : 4631.0,
    "pct1ResTime" : 1246.9,
    "pct2ResTime" : 1645.699999999999,
    "pct3ResTime" : 2494.88,
    "throughput" : 88.20772920227135,
    "receivedKBytesPerSec" : 79.26657512817685,
    "sentKBytesPerSec" : 43.24246099564475
  },
  "Delete Booking" : {
    "transaction" : "Delete Booking",
    "sampleCount" : 1600,
    "errorCount" : 0,
    "errorPct" : 0.0,
    "meanResTime" : 831.656875000001,
    "medianResTime" : 697.5,
    "minResTime" : 289.0,
    "maxResTime" : 11660.0,
    "pct1ResTime" : 1236.0,
    "pct2ResTime" : 1736.6499999999987,
    "pct3ResTime" : 2849.9800000000046,
    "throughput" : 91.78522257916475,
    "receivedKBytesPerSec" : 67.73753908042681,
    "sentKBytesPerSec" : 25.904227856815055
  },
  "Get Booking " : {
    "transaction" : "Get Booking ",
    "sampleCount" : 1600,
    "errorCount" : 0,
    "errorPct" : 0.0,
    "meanResTime" : 738.2881250000013,
    "medianResTime" : 685.0,
    "minResTime" : 290.0,
    "maxResTime" : 6694.0,
    "pct1ResTime" : 774.9000000000001,
    "pct2ResTime" : 1896.9999999999964,
    "pct3ResTime" : 2186.99,
    "throughput" : 87.58964252477145,
    "receivedKBytesPerSec" : 78.8129293945366,
    "sentKBytesPerSec" : 40.287814090983744
  },
  "Total" : {
    "transaction" : "Total",
    "sampleCount" : 9600,
    "errorCount" : 0,
    "errorPct" : 0.0,
    "meanResTime" : 1398.4331250000007,
    "medianResTime" : 702.0,
    "minResTime" : 289.0,
    "maxResTime" : 14053.0,
    "pct1ResTime" : 2854.0999999999967,
    "pct2ResTime" : 5826.0,
    "pct3ResTime" : 8015.9299999999985,
    "throughput" : 449.2489119752913,
    "receivedKBytesPerSec" : 383.63583052552764,
    "sentKBytesPerSec" : 173.51361785764425
  },
  "Create Token" : {
    "transaction" : "Create Token",
    "sampleCount" : 1600,
    "errorCount" : 0,
    "errorPct" : 0.0,
    "meanResTime" : 4311.843125000005,
    "medianResTime" : 3747.0,
    "minResTime" : 1243.0,
    "maxResTime" : 14053.0,
    "pct1ResTime" : 7422.8,
    "pct2ResTime" : 8391.649999999998,
    "pct3ResTime" : 11623.79,
    "throughput" : 80.32128514056225,
    "receivedKBytesPerSec" : 61.00319245732931,
    "sentKBytesPerSec" : 23.296310240963855
  }
}