{
  "Update Booking With Patch" : {
    "transaction" : "Update Booking With Patch",
    "sampleCount" : 400,
    "errorCount" : 0,
    "errorPct" : 0.0,
    "meanResTime" : 298.5549999999997,
    "medianResTime" : 297.0,
    "minResTime" : 289.0,
    "maxResTime" : 337.0,
    "pct1ResTime" : 305.0,
    "pct2ResTime" : 311.9,
    "pct3ResTime" : 332.99,
    "throughput" : 41.549807832138775,
    "receivedKBytesPerSec" : 37.29501012776566,
    "sentKBytesPerSec" : 14.039290537031265
  },
  "Create Booking " : {
    "transaction" : "Create Booking ",
    "sampleCount" : 400,
    "errorCount" : 0,
    "errorPct" : 0.0,
    "meanResTime" : 296.04499999999996,
    "medianResTime" : 295.0,
    "minResTime" : 287.0,
    "maxResTime" : 323.0,
    "pct1ResTime" : 302.0,
    "pct2ResTime" : 305.95,
    "pct3ResTime" : 312.0,
    "throughput" : 41.60599126274184,
    "receivedKBytesPerSec" : 38.50707626898273,
    "sentKBytesPerSec" : 19.01523819429998
  },
  "Update Booking With Put" : {
    "transaction" : "Update Booking With Put",
    "sampleCount" : 400,
    "errorCount" : 0,
    "errorPct" : 0.0,
    "meanResTime" : 301.3475000000001,
    "medianResTime" : 298.0,
    "minResTime" : 289.0,
    "maxResTime" : 676.0,
    "pct1ResTime" : 306.90000000000003,
    "pct2ResTime" : 319.0,
    "pct3ResTime" : 342.96000000000004,
    "throughput" : 41.56275976724855,
    "receivedKBytesPerSec" : 37.25671173628429,
    "sentKBytesPerSec" : 20.375493557772234
  },
  "Delete Booking" : {
    "transaction" : "Delete Booking",
    "sampleCount" : 400,
    "errorCount" : 0,
    "errorPct" : 0.0,
    "meanResTime" : 299.3624999999998,
    "medianResTime" : 297.0,
    "minResTime" : 289.0,
    "maxResTime" : 653.0,
    "pct1ResTime" : 303.90000000000003,
    "pct2ResTime" : 307.95,
    "pct3ResTime" : 344.95000000000005,
    "throughput" : 41.53686396677051,
    "receivedKBytesPerSec" : 30.551904854620975,
    "sentKBytesPerSec" : 11.722806334371754
  },
  "Get Booking " : {
    "transaction" : "Get Booking ",
    "sampleCount" : 400,
    "errorCount" : 0,
    "errorPct" : 0.0,
    "meanResTime" : 298.76749999999987,
    "medianResTime" : 296.0,
    "minResTime" : 288.0,
    "maxResTime" : 718.0,
    "pct1ResTime" : 303.0,
    "pct2ResTime" : 306.0,
    "pct3ResTime" : 315.98,
    "throughput" : 41.597337770382694,
    "receivedKBytesPerSec" : 37.32670484089019,
    "sentKBytesPerSec" : 19.133150478369384
  },
  "Total" : {
    "transaction" : "Total",
    "sampleCount" : 2400,
    "errorCount" : 0,
    "errorPct" : 0.0,
    "meanResTime" : 449.8570833333339,
    "medianResTime" : 298.0,
    "minResTime" : 287.0,
    "maxResTime" : 2600.0,
    "pct1ResTime" : 1172.0,
    "pct2ResTime" : 1194.0,
    "pct3ResTime" : 1311.7099999999937,
    "throughput" : 192.09220425804386,
    "receivedKBytesPerSec" : 163.59164899151594,
    "sentKBytesPerSec" : 74.19186209380503
  },
  "Create Token" : {
    "transaction" : "Create Token",
    "sampleCount" : 400,
    "errorCount" : 0,
    "errorPct" : 0.0,
    "meanResTime" : 1205.0649999999996,
    "medianResTime" : 1176.5,
    "minResTime" : 1150.0,
    "maxResTime" : 2600.0,
    "pct1ResTime" : 1206.0,
    "pct2ResTime" : 1420.9999999999995,
    "pct3ResTime" : 1671.94,
    "throughput" : 36.2877619522816,
    "receivedKBytesPerSec" : 27.484435952100156,
    "sentKBytesPerSec" : 10.524868456862924
  }
}