{
  "Update Booking With Patch" : {
    "transaction" : "Update Booking With Patch",
    "sampleCount" : 500,
    "errorCount" : 0,
    "errorPct" : 0.0,
    "meanResTime" : 311.0140000000002,
    "medianResTime" : 302.0,
    "minResTime" : 289.0,
    "maxResTime" : 411.0,
    "pct1ResTime" : 342.90000000000003,
    "pct2ResTime" : 380.95,
    "pct3ResTime" : 401.99,
    "throughput" : 53.02789267154524,
    "receivedKBytesPerSec" : 47.72468912397921,
    "sentKBytesPerSec" : 17.91762779722134
  },
  "Create Booking " : {
    "transaction" : "Create Booking ",
    "sampleCount" : 500,
    "errorCount" : 0,
    "errorPct" : 0.0,
    "meanResTime" : 301.6059999999998,
    "medianResTime" : 299.0,
    "minResTime" : 287.0,
    "maxResTime" : 398.0,
    "pct1ResTime" : 311.0,
    "pct2ResTime" : 327.0,
    "pct3ResTime" : 356.99,
    "throughput" : 53.20280910832092,
    "receivedKBytesPerSec" : 49.341864625452224,
    "sentKBytesPerSec" : 24.315346350287296
  },
  "Update Booking With Put" : {
    "transaction" : "Update Booking With Put",
    "sampleCount" : 500,
    "errorCount" : 0,
    "errorPct" : 0.0,
    "meanResTime" : 319.8660000000002,
    "medianResTime" : 303.0,
    "minResTime" : 289.0,
    "maxResTime" : 678.0,
    "pct1ResTime" : 387.80000000000007,
    "pct2ResTime" : 431.79999999999995,
    "pct3ResTime" : 444.99,
    "throughput" : 53.08982798895732,
    "receivedKBytesPerSec" : 47.71904531216819,
    "sentKBytesPerSec" : 26.026458643024
  },
  "Delete Booking" : {
    "transaction" : "Delete Booking",
    "sampleCount" : 500,
    "errorCount" : 0,
    "errorPct" : 0.0,
    "meanResTime" : 311.622,
    "medianResTime" : 302.0,
    "minResTime" : 290.0,
    "maxResTime" : 529.0,
    "pct1ResTime" : 356.90000000000003,
    "pct2ResTime" : 381.0,
    "pct3ResTime" : 409.97,
    "throughput" : 52.97171310520182,
    "receivedKBytesPerSec" : 39.110505615001586,
    "sentKBytesPerSec" : 14.950024499417312
  },
  "Get Booking " : {
    "transaction" : "Get Booking ",
    "sampleCount" : 500,
    "errorCount" : 0,
    "errorPct" : 0.0,
    "meanResTime" : 305.538,
    "medianResTime" : 300.0,
    "minResTime" : 289.0,
    "maxResTime" : 400.0,
    "pct1ResTime" : 331.90000000000003,
    "pct2ResTime" : 347.0,
    "pct3ResTime" : 360.99,
    "throughput" : 53.15190815350271,
    "receivedKBytesPerSec" : 47.78937891995323,
    "sentKBytesPerSec" : 24.447801504199
  },
  "Total" : {
    "transaction" : "Total",
    "sampleCount" : 3000,
    "errorCount" : 0,
    "errorPct" : 0.0,
    "meanResTime" : 463.1110000000006,
    "medianResTime" : 303.0,
    "minResTime" : 287.0,
    "maxResTime" : 2883.0,
    "pct1ResTime" : 1175.0,
    "pct2ResTime" : 1196.0,
    "pct3ResTime" : 1571.7999999999956,
    "throughput" : 238.56858846918487,
    "receivedKBytesPerSec" : 203.7006088469185,
    "sentKBytesPerSec" : 92.14245775347914
  },
  "Create Token" : {
    "transaction" : "Create Token",
    "sampleCount" : 500,
    "errorCount" : 0,
    "errorPct" : 0.0,
    "meanResTime" : 1229.0199999999995,
    "medianResTime" : 1182.5,
    "minResTime" : 1151.0,
    "maxResTime" : 2883.0,
    "pct1ResTime" : 1233.5000000000005,
    "pct2ResTime" : 1661.75,
    "pct3ResTime" : 1920.98,
    "throughput" : 45.3021654435082,
    "receivedKBytesPerSec" : 34.401331883664035,
    "sentKBytesPerSec" : 13.139397594455014
  }
}