{
  "Update Booking With Patch" : {
    "transaction" : "Update Booking With Patch",
    "sampleCount" : 200,
    "errorCount" : 0,
    "errorPct" : 0.0,
    "meanResTime" : 300.3,
    "medianResTime" : 297.0,
    "minResTime" : 288.0,
    "maxResTime" : 679.0,
    "pct1ResTime" : 303.0,
    "pct2ResTime" : 305.95,
    "pct3ResTime" : 665.6100000000031,
    "throughput" : 20.257267294641952,
    "receivedKBytesPerSec" : 18.26477514433303,
    "sentKBytesPerSec" : 6.824958219386205
  },
  "Create Booking " : {
    "transaction" : "Create Booking ",
    "sampleCount" : 200,
    "errorCount" : 0,
    "errorPct" : 0.0,
    "meanResTime" : 299.8050000000003,
    "medianResTime" : 295.5,
    "minResTime" : 287.0,
    "maxResTime" : 740.0,
    "pct1ResTime" : 301.0,
    "pct2ResTime" : 302.0,
    "pct3ResTime" : 714.9300000000037,
    "throughput" : 20.261371694863744,
    "receivedKBytesPerSec" : 18.82131053084794,
    "sentKBytesPerSec" : 9.260080032418195
  },
  "Update Booking With Put" : {
    "transaction" : "Update Booking With Put",
    "sampleCount" : 200,
    "errorCount" : 0,
    "errorPct" : 0.0,
    "meanResTime" : 298.205,
    "medianResTime" : 296.0,
    "minResTime" : 287.0,
    "maxResTime" : 684.0,
    "pct1ResTime" : 302.0,
    "pct2ResTime" : 303.95,
    "pct3ResTime" : 323.8900000000001,
    "throughput" : 20.25931928687196,
    "receivedKBytesPerSec" : 18.249610641207454,
    "sentKBytesPerSec" : 9.912030237034037
  },
  "Delete Booking" : {
    "transaction" : "Delete Booking",
    "sampleCount" : 200,
    "errorCount" : 0,
    "errorPct" : 0.0,
    "meanResTime" : 295.78000000000003,
    "medianResTime" : 296.0,
    "minResTime" : 287.0,
    "maxResTime" : 314.0,
    "pct1ResTime" : 302.0,
    "pct2ResTime" : 303.0,
    "pct3ResTime" : 308.98,
    "throughput" : 20.257267294641952,
    "receivedKBytesPerSec" : 14.980882203990683,
    "sentKBytesPerSec" : 5.697356426618049
  },
  "Get Booking " : {
    "transaction" : "Get Booking ",
    "sampleCount" : 200,
    "errorCount" : 0,
    "errorPct" : 0.0,
    "meanResTime" : 300.88999999999993,
    "medianResTime" : 295.0,
    "minResTime" : 287.0,
    "maxResTime" : 916.0,
    "pct1ResTime" : 301.0,
    "pct2ResTime" : 304.9,
    "pct3ResTime" : 689.2300000000034,
    "throughput" : 20.25931928687196,
    "receivedKBytesPerSec" : 18.270582202188006,
    "sentKBytesPerSec" : 9.298711000810373
  },
  "Total" : {
    "transaction" : "Total",
    "sampleCount" : 1200,
    "errorCount" : 0,
    "errorPct" : 0.0,
    "meanResTime" : 452.1058333333324,
    "medianResTime" : 298.0,
    "minResTime" : 287.0,
    "maxResTime" : 2436.0,
    "pct1ResTime" : 1176.0,
    "pct2ResTime" : 1197.95,
    "pct3ResTime" : 1408.6000000000004,
    "throughput" : 94.43613756197372,
    "receivedKBytesPerSec" : 80.81329434563627,
    "sentKBytesPerSec" : 36.412631817108675
  },
  "Create Token" : {
    "transaction" : "Create Token",
    "sampleCount" : 200,
    "errorCount" : 0,
    "errorPct" : 0.0,
    "meanResTime" : 1217.655,
    "medianResTime" : 1187.0,
    "minResTime" : 1153.0,
    "maxResTime" : 2436.0,
    "pct1ResTime" : 1213.9,
    "pct2ResTime" : 1535.6999999999994,
    "pct3ResTime" : 2165.2600000000034,
    "throughput" : 18.15376236725061,
    "receivedKBytesPerSec" : 13.828415743850414,
    "sentKBytesPerSec" : 5.265300217845149
  }
}