{
  "Update Booking With Patch" : {
    "transaction" : "Update Booking With Patch",
    "sampleCount" : 100,
    "errorCount" : 0,
    "errorPct" : 0.0,
    "meanResTime" : 301.21,
    "medianResTime" : 301.0,
    "minResTime" : 290.0,
    "maxResTime" : 372.0,
    "pct1ResTime" : 307.0,
    "pct2ResTime" : 311.9,
    "pct3ResTime" : 371.52999999999975,
    "throughput" : 10.419922892570595,
    "receivedKBytesPerSec" : 9.404387438782953,
    "sentKBytesPerSec" : 3.5207942586224865
  },
  "Create Booking " : {
    "transaction" : "Create Booking ",
    "sampleCount" : 100,
    "errorCount" : 0,
    "errorPct" : 0.0,
    "meanResTime" : 312.5600000000001,
    "medianResTime" : 297.0,
    "minResTime" : 289.0,
    "maxResTime" : 1044.0,
    "pct1ResTime" : 306.8,
    "pct2ResTime" : 381.2999999999996,
    "pct3ResTime" : 1040.9899999999984,
    "throughput" : 10.324179227751394,
    "receivedKBytesPerSec" : 9.607536005575056,
    "sentKBytesPerSec" : 4.718472537683255
  },
  "Update Booking With Put" : {
    "transaction" : "Update Booking With Put",
    "sampleCount" : 100,
    "errorCount" : 0,
    "errorPct" : 0.0,
    "meanResTime" : 302.62000000000006,
    "medianResTime" : 301.0,
    "minResTime" : 291.0,
    "maxResTime" : 375.0,
    "pct1ResTime" : 318.0,
    "pct2ResTime" : 319.95,
    "pct3ResTime" : 374.4599999999997,
    "throughput" : 10.392849719393059,
    "receivedKBytesPerSec" : 9.370209545832468,
    "sentKBytesPerSec" : 5.094932186655581
  },
  "Delete Booking" : {
    "transaction" : "Delete Booking",
    "sampleCount" : 100,
    "errorCount" : 0,
    "errorPct" : 0.0,
    "meanResTime" : 301.46999999999986,
    "medianResTime" : 299.5,
    "minResTime" : 291.0,
    "maxResTime" : 384.0,
    "pct1ResTime" : 310.0,
    "pct2ResTime" : 317.95,
    "pct3ResTime" : 383.8299999999999,
    "throughput" : 10.416666666666666,
    "receivedKBytesPerSec" : 7.701009114583334,
    "sentKBytesPerSec" : 2.939860026041667
  },
  "Get Booking " : {
    "transaction" : "Get Booking ",
    "sampleCount" : 100,
    "errorCount" : 0,
    "errorPct" : 0.0,
    "meanResTime" : 306.71000000000004,
    "medianResTime" : 299.0,
    "minResTime" : 291.0,
    "maxResTime" : 376.0,
    "pct1ResTime" : 355.70000000000005,
    "pct2ResTime" : 371.0,
    "pct3ResTime" : 375.96,
    "throughput" : 10.308215647871354,
    "receivedKBytesPerSec" : 9.305983274920111,
    "sentKBytesPerSec" : 4.741376533347077
  },
  "Total" : {
    "transaction" : "Total",
    "sampleCount" : 600,
    "errorCount" : 0,
    "errorPct" : 0.0,
    "meanResTime" : 462.10833333333335,
    "medianResTime" : 301.0,
    "minResTime" : 289.0,
    "maxResTime" : 1850.0,
    "pct1ResTime" : 1182.9,
    "pct2ResTime" : 1205.9499999999998,
    "pct3ResTime" : 1756.020000000001,
    "throughput" : 47.02931493964571,
    "receivedKBytesPerSec" : 40.28415993886189,
    "sentKBytesPerSec" : 18.164154354130744
  },
  "Create Token" : {
    "transaction" : "Create Token",
    "sampleCount" : 100,
    "errorCount" : 0,
    "errorPct" : 0.0,
    "meanResTime" : 1248.0800000000002,
    "medianResTime" : 1196.0,
    "minResTime" : 1159.0,
    "maxResTime" : 1850.0,
    "pct1ResTime" : 1356.4,
    "pct2ResTime" : 1787.3999999999996,
    "pct3ResTime" : 1850.0,
    "throughput" : 8.865248226950355,
    "receivedKBytesPerSec" : 6.761136968085107,
    "sentKBytesPerSec" : 2.5712682845744683
  }
}